pop,1011
flavor,933
popsicle,885
place,691
like,583
one,580
good,533
great,503
cream,466
creamy,466
try,447
go,436
time,421
get,421
steel,420
city,419
love,406
delicious,393
chocolate,380
back,374
strawberry,354
got,331
really,329
would,312
ice,305
also,300
tried,292
definitely,291
fruity,277
sweet,273
day,269
favorite,255
line,242
taste,239
coffee,238
little,235
treat,231
first,224
make,222
summer,212
fruit,211
lemonade,211
even,210
worth,210
friendly,203
location,202
come,201
hot,196
amazing,195
friend,195
coconut,195
avocado,194
nice,189
service,188
refreshing,186
best,185
pretty,179
much,178
well,177
vanilla,175
always,173
area,173
staff,171
parking,171
lot,170
made,169
think,169
cookie,162
cool,162
way,161
orange,157
next,154
dessert,153
outside,151
people,150
went,147
something,146
super,146
know,146
take,146
around,146
want,145
many,145
store,145
could,145
new,143
every,143
tasted,142
menu,142
pineapple,140
wait,136
bit,136
inside,135
free,135
perfect,133
fresh,133
recommend,133
sure,131
ever,130
see,129
lime,129
thing,129
shop,127
buttermilk,127
long,126
price,126
right,125
still,124
never,123
different,123
say,123
dallas,123
dipped,122
blood,121
frozen,121
option,120
loved,120
going,119
ingredient,118
though,118
unique,118
two,114
visit,113
seating,113
tea,112
since,111
awesome,111
variety,109
fun,108
give,106
another,105
better,104
stop,104
spot,103
find,99
star,99
home,98
fast,98
blueberry,98
cold,97
enjoy,97
watermelon,95
butter,95
came,95
calorie,94
choice,94
night,93
door,93
kid,93
quick,92
eat,92
eating,91
far,89
customer,88
cute,87
based,86
kind,86
thought,86
tasty,86
wish,85
bean,85
greenville,84
choose,84
heat,84
brownie,84
yummy,83
caramel,83
stick,83
small,82
ordered,81
big,81
bag,80
trying,80
order,79
peanut,79
coming,79
basil,78
need,78
fan,78
concept,77
family,77
real,77
enough,77
buy,76
review,76
liked,75
wanted,74
pack,74
especially,73
looking,73
disappointed,72
must,72
keep,71
took,71
bite,71
side,71
let,70
feel,70
decided,69
helpful,69
texas,69
however,69
street,69
card,69
open,68
hard,68
quickly,68
enjoyed,68
melt,68
anything,67
said,67
experience,67
getting,66
wrong,66
offer,66
front,66
hibiscus,65
sour,64
cooky,64
peach,64
dip,63
jalape,63
everyone,63
milk,63
quite,63
employee,62
hype,62
jalapeno,62
simple,62
minute,61
white,61
usually,61
le,60
pick,60
drizzle,60
happy,59
husband,59
maybe,59
mango,59
flavored,58
huge,58
everything,58
lemon,58
finally,57
sit,57
selection,57
food,57
heard,57
last,57
clean,57
topping,56
natural,56
chip,56
counter,56
dinner,56
oh,56
work,56
pricey,55
change,55
business,55
bar,55
birmingham,54
almost,54
glad,54
probably,54
absolutely,54
rich,53
put,53
wonderful,53
cucumber,53
houston,52
walk,52
actually,52
tell,52
town,51
busy,51
highly,51
grab,51
banana,51
excellent,51
may,50
atmosphere,50
check,50
sugar,49
life,49
making,49
away,49
full,49
couple,49
space,49
top,48
watch,48
add,48
look,48
quality,48
scp,48
idea,48
excited,47
lower,47
lavender,47
bad,47
available,47
pie,47
plus,47
although,47
expensive,47
girl,47
texture,46
freezer,46
found,46
cheesecake,46
water,46
might,46
large,46
whole,46
opened,46
yet,46
mean,45
overall,45
without,45
interesting,45
table,45
yum,45
afternoon,45
light,44
soon,44
seasonal,44
month,44
else,44
crazy,44
gourmet,44
part,43
type,43
cart,43
room,43
year,43
weather,43
use,43
heaven,43
able,43
across,43
already,42
three,42
hit,42
today,42
hand,42
organic,42
mind,42
cherry,42
often,41
piece,41
pay,41
park,41
drive,41
move,41
nothing,41
saw,41
point,41
th,41
dark,41
week,40
second,40
walked,40
several,39
amount,39
restaurant,39
cake,39
located,39
instead,39
expect,39
totally,38
prefer,38
fantastic,38
yes,38
punch,38
gave,38
patio,37
special,37
wow,37
single,37
popular,37
box,37
live,37
high,37
end,37
trip,36
truck,36
boyfriend,36
local,36
worker,36
guy,36
sound,36
fort,36
ate,36
bring,36
raspberry,36
passion,36
mine,36
either,36
easy,35
plenty,35
bought,35
grocery,35
stopped,35
list,35
packed,35
crowded,35
limited,35
flavorful,35
person,35
extra,34
daughter,34
help,34
middle,34
guess,34
okay,34
run,34
exactly,34
toasted,34
hour,34
warm,33
recommended,33
return,33
garage,33
goodness,33
product,33
season,33
pecan,33
blackberry,33
etc,33
ok,33
addition,33
close,33
told,33
working,32
reason,32
gluten,32
honestly,32
chose,32
forward,32
seem,32
used,32
name,32
balsamic,32
visiting,32
ended,32
drizzled,32
behind,31
outdoor,31
icy,31
actual,31
date,31
believe,31
group,31
seriously,31
combination,31
regular,31
stand,31
finish,31
rather,31
later,31
impressed,31
started,31
personal,31
tart,31
dollar,30
literally,30
others,30
delish,30
walking,30
frequent,30
rest,29
course,29
mouth,29
deal,29
ask,29
healthy,29
green,29
stuff,29
old,29
cheap,28
decide,28
wife,28
left,28
snack,28
cantaloupe,28
cinnamon,28
asked,28
bench,28
weekend,28
shortcake,28
priced,28
seems,28
kitchen,28
waiting,28
house,28
anyone,28
knew,27
opening,27
least,27
paletas,27
evening,27
dairy,27
window,27
omg,27
true,27
visited,27
sometimes,27
lunch,27
beat,26
along,26
personally,26
care,26
chili,26
overly,26
lady,26
mint,26
recently,26
melted,26
pistachio,26
four,26
neighborhood,26
degree,26
juice,26
extremely,25
sitting,25
horchata,25
enjoying,25
pong,25
ping,25
fact,25
near,25
mexican,25
plain,25
tasting,25
twice,25
hope,25
start,25
expected,25
forget,24
crowd,24
creative,24
car,24
stay,24
easily,24
seemed,24
buck,24
someone,24
hang,24
please,24
sign,24
chai,24
seen,23
louisville,23
trendy,23
bardstown,23
taking,23
non,23
wanting,23
salt,23
short,23
cashier,23
cost,23
moved,23
surprised,23
kick,23
felt,23
reasonable,23
dusted,23
question,23
opted,23
added,23
classic,22
offered,22
solid,22
traditional,22
complaint,22
completely,22
friday,22
looked,22
basically,22
road,22
homemade,22
weird,22
spicy,22
sunday,22
disappoint,22
per,22
indoor,21
brought,21
pm,21
melting,21
picture,21
remember,21
sister,21
colada,21
pumpkin,21
dust,21
recommendation,21
watching,21
young,21
event,21
saturday,21
truly,21
height,21
sell,21
ton,21
artificial,20
needed,20
ordering,20
storefront,20
champagne,20
fall,20
chunk,20
cannot,20
gone,20
strong,20
money,20
done,20
cooler,20
incredible,20
miss,20
loyalty,20
marshmallow,20
past,20
problem,20
seat,20
understand,20
leave,20
hint,20
beer,20
play,19
chill,19
style,19
sort,19
fancy,19
trader,19
tiny,19
kinda,19
bacon,19
establishment,19
tip,19
changing,19
form,19
sat,19
summit,19
winter,19
chance,19
smooth,19
root,18
sweetness,18
worry,18
bourbon,18
austin,18
board,18
building,18
covered,18
immediately,18
son,18
giving,18
wide,18
pomegranate,18
bud,18
eye,18
owner,18
ago,18
sold,18
dredge,18
call,18
convenient,18
shopping,18
kept,18
heart,18
guava,18
unfortunately,18
appreciate,18
charge,18
changed,18
dredged,18
latte,18
item,18
break,17
round,17
adult,17
adventurous,17
market,17
dough,17
surprise,17
lol,17
vegan,17
haha,17
highland,17
five,17
purchase,17
seed,17
low,17
lived,17
combo,17
similar,17
noticed,17
standing,17
sea,17
feeling,17
dog,17
man,17
serve,17
count,17
given,17
entire,17
company,17
expectation,17
perfectly,17
typically,16
homewood,16
alternative,16
closer,16
soft,16
hold,16
bunch,16
mom,16
vibe,16
helped,16
alabama,16
process,16
lucky,16
word,16
expecting,16
main,16
joint,16
craving,16
various,16
bottom,16
towards,16
sticky,16
meal,16
listed,16
napkin,16
die,16
carrot,16
min,16
gotten,16
heavy,16
neat,16
paleta,15
saying,15
nut,15
graham,15
passionfruit,15
maple,15
hubby,15
cut,15
picked,15
original,15
spring,15
downside,15
plan,15
block,15
version,15
obsessed,15
issue,15
hipster,15
due,15
decent,15
range,15
upon,15
folk,15
unless,15
program,15
thinking,15
tax,15
efficient,15
within,15
pepper,15
case,15
interior,15
key,14
cheese,14
safe,14
world,14
spice,14
considering,14
shade,14
difficult,14
anyway,14
exotic,14
lover,14
cup,14
glass,14
tonight,14
multiple,14
simply,14
reward,14
register,14
yelp,14
reasonably,14
overpriced,14
yeah,14
fair,14
cracker,14
buying,14
thank,14
mostly,14
smile,14
apparently,14
slightly,14
mix,14
wrapper,14
joe,14
suggestion,14
west,14
lick,14
suggest,14
half,14
seeing,14
mess,14
rd,14
switch,14
nicely,14
beautiful,14
thanks,14
whenever,13
leaving,13
gotta,13
ready,13
category,13
moving,13
syrup,13
hip,13
sample,13
posted,13
yogurt,13
regret,13
lighter,13
offering,13
bf,13
typical,13
game,13
fairly,13
normal,13
face,13
sorry,13
drink,13
specialty,13
catch,13
spent,13
stopping,13
whether,13
decision,13
selling,13
cupcake,13
except,13
yesterday,13
set,13
basic,13
arrived,13
returning,13
anywhere,13
insulated,13
tooth,13
plastic,13
imagine,13
whatever,13
affordable,13
ground,13
matter,13
greeted,13
wall,13
straight,13
pleasant,13
savory,13
child,13
paying,12
spend,12
opinion,12
nearby,12
gonna,12
rave,12
validate,12
including,12
satisfying,12
party,12
fave,12
incredibly,12
number,12
value,12
running,12
dipping,12
decadent,12
paid,12
staple,12
somewhere,12
grew,12
oatmeal,12
holy,12
downtown,12
post,12
throughout,12
despite,12
sauce,12
larger,12
honest,12
fig,12
average,12
tend,12
fav,12
perhaps,12
delightful,12
show,12
job,12
admit,12
steep,12
winner,12
decor,12
center,12
exchange,12
stool,12
assortment,12
teeth,12
thursday,12
absolute,12
skeptical,12
sucker,12
black,12
turn,11
childhood,11
espresso,11
bitter,11
overwhelming,11
future,11
perfection,11
rotate,11
bc,11
daily,11
creme,11
ave,11
drip,11
fix,11
hoping,11
head,11
flake,11
dense,11
chain,11
size,11
lack,11
sun,11
sprinkled,11
pas,11
eaten,11
crave,11
stuck,11
talking,11
mood,11
color,11
drove,11
read,11
closed,11
peak,11
st,11
photo,11
boy,11
locally,11
purchased,11
besides,11
trade,11
explain,11
freeze,11
baby,10
willing,10
suck,10
continue,10
called,10
together,10
juicy,10
welcome,10
pina,10
pi,10
sweeter,10
turned,10
preference,10
normally,10
clear,10
strange,10
clearly,10
creaminess,10
waited,10
choosing,10
closing,10
la,10
stroll,10
hopefully,10
guilty,10
amazingly,10
rock,10
modern,10
bigger,10
penny,10
buyer,10
avoid,10
drop,10
include,10
moment,10
ran,10
pricy,10
girlfriend,10
heavenly,10
everywhere,10
dozen,10
pleasantly,10
yo,10
consistency,10
jasmine,10
section,10
talk,10
save,10
raving,10
def,10
parent,10
serving,10
brick,10
early,10
froyo,10
replace,10
happen,10
obviously,9
everyday,9
red,9
array,9
support,9
otherwise,9
rating,9
hate,9
note,9
sunny,9
meh,9
satisfy,9
thick,9
dont,9
prepared,9
tired,9
tuesday,9
stumbled,9
consider,9
tho,9
cone,9
pleased,9
patient,9
depending,9
sprinkle,9
instantly,9
favor,9
certainly,9
bonus,9
standard,9
parked,9
pro,9
age,9
traffic,9
frequently,9
hell,9
current,9
dry,9
luck,9
figured,9
grabbed,9
potato,9
realized,9
cause,9
included,9
manager,9
surprisingly,9
possibly,9
sooo,9
bright,9
chair,9
hg,9
trust,9
inviting,9
asking,9
sounded,9
share,9
finding,9
pricing,9
hearing,9
genius,9
became,9
fred,9
situation,9
wished,9
exciting,9
seasonally,8
rush,8
discount,8
satisfied,8
self,8
delight,8
desert,8
deliciousness,8
served,8
discovered,8
divided,8
package,8
credit,8
shot,8
customize,8
destination,8
pudding,8
team,8
random,8
received,8
iced,8
longer,8
milky,8
usual,8
plum,8
guest,8
atlanta,8
missing,8
mixed,8
suggested,8
art,8
environment,8
likely,8
rate,8
cheaper,8
wanna,8
explaining,8
information,8
barely,8
lovely,8
become,8
health,8
regularly,8
topped,8
regardless,8
equally,8
preferred,8
thrilled,8
bomb,8
bold,8
blowing,8
hub,8
reminded,8
eventually,8
endless,8
california,8
popcicles,8
em,8
repeat,8
hooked,8
anyways,8
gross,8
spacious,8
intense,8
rosemary,8
lacking,8
knowing,8
finished,8
corn,8
ahead,8
drippy,8
gem,8
driving,8
late,8
north,8
constantly,8
allowed,8
introduced,8
cousin,8
fell,8
gladly,8
pun,8
website,8
instagram,8
legit,8
cranberry,8
welcoming,8
addicted,7
bother,7
tucked,7
honeydew,7
tongue,7
trouble,7
july,7
touch,7
settled,7
server,7
traveling,7
travel,7
school,7
yay,7
san,7
scoop,7
addictive,7
blue,7
separate,7
freshness,7
ya,7
birthday,7
fine,7
apart,7
finishing,7
warren,7
wedding,7
indulgent,7
apple,7
design,7
intended,7
view,7
wild,7
win,7
reading,7
important,7
avenue,7
wonder,7
executed,7
scrumptious,7
icecream,7
balance,7
unlike,7
filling,7
sense,7
agreed,7
knowledgeable,7
branch,7
creamier,7
floor,7
rotating,7
dude,7
pull,7
citrus,7
hey,7
soooo,7
earn,7
checking,7
easier,7
mocha,7
grown,7
sugary,7
missed,7
phenomenal,7
chalkboard,7
southlake,7
stayed,7
rhubarb,7
curious,7
nd,7
general,7
container,7
spending,7
nonetheless,7
pink,7
nearly,7
con,7
state,7
complain,7
compared,7
compare,7
starbucks,7
god,7
dropping,7
polite,7
sometime,7
member,7
happily,7
portion,7
shirt,7
headed,7
possible,7
hear,7
bulk,7
enjoyable,7
packaged,7
relatively,7
till,7
smoked,7
odd,7
dedicated,7
pre,7
smell,7
mention,7
gelato,7
handmade,7
dream,7
system,7
cane,7
fyi,7
tad,7
taken,7
tangy,7
cash,7
filled,6
faves,6
fat,6
freaking,6
doubt,6
favs,6
donkey,6
directly,6
picking,6
faster,6
quaint,6
putting,6
provide,6
pure,6
entrance,6
fake,6
eggnog,6
freshly,6
rude,6
enthusiastic,6
enjoyment,6
porch,6
poppin,6
elsewhere,6
flavoring,6
poor,6
follow,6
distance,6
ridiculous,6
effort,6
policy,6
eater,6
sale,6
divine,6
played,6
firewheel,6
dusting,6
finger,6
profile,6
dying,6
jalepeno,6
claim,6
authentic,6
vietnamese,6
includes,6
ventured,6
neither,6
vendor,6
gift,6
ideal,6
lined,6
using,6
awkward,6
starting,6
balanced,6
mural,6
coating,6
specific,6
memory,6
step,6
indulgence,6
anytime,6
coworker,6
informative,6
inexpensive,6
industrial,6
warned,6
indulge,6
conveniently,6
core,6
liking,6
garland,6
southern,6
southtown,6
aside,6
co,6
stood,6
octane,6
swing,6
certain,6
mall,6
swap,6
trash,6
book,6
toward,6
brain,6
bland,6
handle,6
talked,6
match,6
helping,6
brother,6
ticket,6
tricky,6
surrounded,6
begin,6
beyond,6
luckily,6
berry,6
hotel,6
umbrella,6
strip,6
machine,6
monday,6
magical,6
styrofoam,6
success,6
magic,6
tuscaloosa,6
summertime,6
supply,6
occasion,6
visitor,6
cramped,6
ft,6
amazed,6
according,6
score,6
allow,6
kiddos,6
wonderfully,6
deter,6
outdoors,6
fudge,6
damn,6
lactose,6
weekly,6
additional,6
klyde,6
particularly,6
aftertaste,6
adorable,6
select,6
pain,6
written,6
fro,6
aesthetic,6
skin,6
adding,6
write,6
smaller,6
wednesday,6
letting,6
funky,6
level,6
joes,6
oil,6
informed,6
antonio,6
difference,6
trend,5
knock,5
btw,5
heck,5
thoroughly,5
fault,5
float,5
king,5
yard,5
buttercream,5
twist,5
writing,5
tx,5
flavour,5
remind,5
yelpers,5
hesitant,5
brown,5
brilliant,5
bread,5
justify,5
brand,5
timer,5
til,5
powder,5
higher,5
fellow,5
tough,5
bringing,5
york,5
march,5
bored,5
enter,5
ish,5
transaction,5
hole,5
blown,5
afraid,5
wrapped,5
individually,5
lasted,5
impressive,5
alone,5
interested,5
alright,5
assume,5
ambiance,5
asap,5
artisan,5
annoying,5
arnold,5
impression,5
answer,5
indoors,5
appreciated,5
fabulous,5
warmer,5
innovative,5
appeal,5
ranging,5
licking,5
extensive,5
venture,5
attempt,5
beware,5
worst,5
intriguing,5
wowed,5
example,5
exceeded,5
prop,5
anymore,5
fill,5
humid,5
base,5
barton,5
worked,5
realize,5
bank,5
lost,5
intolerant,5
wooden,5
flat,5
unsure,5
awhile,5
avacado,5
aisle,5
familiar,5
thankfully,5
dining,5
grainy,5
opportunity,5
needle,5
conscious,5
split,5
splurge,5
curiosity,5
ordinary,5
sidewalk,5
forgot,5
overhyped,5
daring,5
gingerbread,5
dropped,5
nashville,5
combined,5
salted,5
darn,5
music,5
college,5
coated,5
shell,5
shape,5
straightforward,5
christmas,5
definite,5
grand,5
generous,5
content,5
morning,5
specializes,5
ol,5
double,5
craze,5
row,5
obvious,5
creation,5
phone,5
crumb,5
novelty,5
onto,5
crunch,5
crust,5
picnic,5
corner,5
sadly,5
somehow,5
sooner,5
sooooo,5
cooling,5
none,5
sounding,5
south,5
nightmare,5
dripping,5
niece,5
settle,5
slowly,5
mile,5
happiness,5
happened,5
sweetened,5
dig,5
describe,5
messy,5
passing,5
search,5
patron,5
handed,5
strolling,5
handful,5
met,5
tag,5
mid,5
replaced,5
happens,5
carmel,5
tartness,5
scratch,5
tastebud,5
devoured,5
temperature,5
cayenne,5
deliciously,5
scared,5
setting,5
earlier,5
paleterias,5
chewy,5
subtle,5
earth,5
hated,5
grind,5
palmer,5
dfw,5
terrible,5
discouraged,5
scene,5
surrounding,5
certified,5
pleasure,5
resist,5
feed,4
pedestrian,4
learned,4
pear,4
jim,4
kiddo,4
funny,4
proceeded,4
known,4
operation,4
intrigued,4
insanely,4
packaging,4
overrated,4
overpowering,4
knowledgable,4
paletero,4
label,4
parallel,4
leaf,4
partial,4
particular,4
opposed,4
layer,4
layout,4
provided,4
pb,4
melty,4
generally,4
officially,4
history,4
mortar,4
granted,4
grapefruit,4
mad,4
guarantee,4
guessing,4
minus,4
managed,4
holiday,4
haagen,4
mini,4
pointed,4
following,4
million,4
insane,4
ham,4
hanging,4
hesitate,4
power,4
hangout,4
pouch,4
popcicle,4
happier,4
popped,4
meaning,4
mediocre,4
healthier,4
flower,4
hotter,4
preservative,4
foodie,4
mother,4
office,4
pic,4
nutritional,4
prob,4
numerous,4
noted,4
notch,4
picky,4
nostalgia,4
fit,4
individual,4
fortunately,4
flyer,4
zoo,4
nephew,4
impossible,4
giant,4
imo,4
imagined,4
ginger,4
living,4
previous,4
prevent,4
forever,4
hyped,4
placed,4
grain,4
mentioned,4
lining,4
bottled,4
bell,4
chart,4
returned,4
reviewed,4
sum,4
batch,4
sundae,4
baxter,4
unexpected,4
sight,4
ride,4
supposed,4
result,4
un,4
bet,4
ultimately,4
bham,4
drinking,4
bike,4
biting,4
dredging,4
dad,4
blocking,4
crystal,4
restroom,4
caught,4
eight,4
venue,4
attention,4
slice,4
attentive,4
empty,4
stupid,4
email,4
chile,4
vary,4
varied,4
eh,4
earned,4
request,4
validation,4
chew,4
urban,4
uptown,4
cheerful,4
skip,4
successful,4
update,4
six,4
sweltering,4
cater,4
slight,4
designed,4
shall,4
threw,4
diet,4
died,4
didnt,4
deep,4
bummed,4
shaded,4
desired,4
desire,4
tends,4
bucket,4
serf,4
secret,4
terrific,4
bursting,4
delighted,4
there,4
seeking,4
buzz,4
selected,4
deliver,4
throw,4
tempted,4
categorized,4
distinct,4
rushed,4
tamarind,4
boring,4
rustic,4
tang,4
carry,4
sad,4
careful,4
cant,4
deciding,4
display,4
thru,4
disliked,4
teen,4
togo,4
sampled,4
breaking,4
discover,4
shame,4
satsuma,4
brings,4
thumb,4
strongly,4
edit,4
reminds,4
receive,4
spruce,4
square,4
adore,4
fad,4
facing,4
complaining,4
somewhat,4
exposed,4
air,4
comment,4
vibrant,4
wise,4
country,4
experienced,4
wholesome,4
whoever,4
among,4
welcomed,4
steal,4
falling,4
convinced,4
younger,4
farmer,4
fear,4
zero,4
spectacular,4
confused,4
push,4
pushing,4
accordingly,4
sply,4
speak,4
youth,4
quantity,4
concoction,4
conclusion,4
conversation,4
concerned,4
fanatic,4
addiction,4
complex,4
cozy,4
seller,4
answered,4
create,4
exact,4
smiling,4
feature,4
appetite,4
anticipated,4
slow,4
appears,4
vinegar,4
appealing,4
crap,4
arm,4
chunky,4
closest,4
reference,4
stoked,4
recent,4
stock,4
watery,4
everybody,4
navigate,3
texan,3
chic,3
telling,3
grabbing,3
calling,3
concrete,3
changer,3
chopped,3
tempting,3
clerk,3
cafe,3
construction,3
nestled,3
caffeine,3
ness,3
consistent,3
negative,3
gravitate,3
confusing,3
test,3
stronger,3
grape,3
harvested,3
cal,3
ten,3
necessarily,3
greatest,3
chinese,3
spoke,3
naturally,3
gritty,3
metal,3
sweat,3
celebration,3
cocoa,3
comeback,3
central,3
charm,3
surely,3
com,3
statement,3
chalky,3
guilt,3
suggesting,3
station,3
gorgeous,3
suppose,3
mistake,3
gosh,3
supermarket,3
colder,3
mission,3
coat,3
sweating,3
complemented,3
chatted,3
superb,3
clever,3
campus,3
nasty,3
hankering,3
nasher,3
comparison,3
midnight,3
stamp,3
community,3
glory,3
stare,3
mildly,3
mobile,3
military,3
switched,3
comfortable,3
comfort,3
sweetener,3
cautious,3
featured,3
hawaii,3
weekday,3
inner,3
lexington,3
anticipate,3
letter,3
wee,3
lemony,3
inspired,3
ingenious,3
institution,3
wheel,3
alot,3
wikipedia,3
leading,3
allows,3
wave,3
watched,3
woman,3
associate,3
importantly,3
listen,3
lip,3
via,3
vicinity,3
video,3
asian,3
lie,3
limey,3
vouch,3
lil,3
wallet,3
walmart,3
wasnt,3
al,3
aka,3
buzzing,3
judge,3
keeping,3
yummo,3
inventive,3
jump,3
account,3
accommodating,3
accidentally,3
yummmm,3
zest,3
jk,3
accept,3
ac,3
abundance,3
ive,3
kentucky,3
yumm,3
lake,3
afterwards,3
ah,3
wood,3
agua,3
woolly,3
workout,3
worried,3
kudos,3
kill,3
wrap,3
adjacent,3
address,3
additionally,3
introduce,3
youngest,3
auburn,3
vegetarian,3
august,3
tourist,3
tone,3
mass,3
boutique,3
georgia,3
total,3
bottle,3
towner,3
toddler,3
margin,3
tradition,3
boo,3
holder,3
mangonada,3
body,3
hidden,3
breeze,3
validated,3
thirst,3
thai,3
heading,3
thermal,3
burnt,3
burger,3
third,3
bump,3
herb,3
bummer,3
thirty,3
built,3
meant,3
hefty,3
hello,3
boast,3
bluberry,3
blow,3
unusual,3
hunt,3
huntsville,3
hurt,3
ball,3
bakery,3
baked,3
looooove,3
manage,3
unwrap,3
background,3
updated,3
upscale,3
id,3
im,3
humidity,3
uniquely,3
bathroom,3
loving,3
becoming,3
began,3
beginning,3
beloved,3
horrible,3
hopping,3
biggest,3
hoped,3
tropical,3
blend,3
majority,3
tremendously,3
blew,3
consume,3
stone,3
draw,3
silly,3
everytime,3
shared,3
froze,3
prep,3
flea,3
sesame,3
pregnant,3
regard,3
pallet,3
separated,3
delivered,3
parlor,3
partake,3
seemingly,3
depends,3
partner,3
described,3
description,3
passed,3
praise,3
practically,3
deserved,3
designated,3
searching,3
detail,3
shaving,3
ew,3
exceptional,3
dang,3
curry,3
custom,3
signage,3
customizable,3
rated,3
raved,3
reach,3
reached,3
cuz,3
dancing,3
outrageous,3
expand,3
recipe,3
outstanding,3
showed,3
overhead,3
dangerous,3
shout,3
execution,3
daz,3
overwhelmed,3
exclusively,3
dead,3
dear,3
devouring,3
dine,3
entering,3
former,3
elderflower,3
pool,3
effect,3
rotates,3
ecstatic,3
resident,3
drenched,3
eclectic,3
roof,3
roll,3
rocket,3
eatery,3
ruin,3
rip,3
respite,3
plaza,3
playing,3
eager,3
ridiculously,3
richness,3
pittsburgh,3
richer,3
force,3
foot,3
drag,3
encountered,3
peer,3
freezing,3
entered,3
dirty,3
flow,3
disappointing,3
relief,3
disappointment,3
sampling,3
perimeter,3
remains,3
freshest,3
salty,3
remembered,3
dot,3
district,3
divinity,3
pet,3
sa,3
reminiscing,3
popularity,3
franchise,3
encourage,3
rum,3
remove,3
popping,3
significantly,3
dryer,3
que,3
fail,3
final,3
quit,3
failed,3
converted,3
october,3
pur,3
geared,3
oddly,3
professional,3
filthy,3
sock,3
creamery,3
production,3
continues,3
slurping,3
creamsicles,3
facebook,3
punchcard,3
smoothly,3
promise,3
specialized,3
fianc,3
figure,3
farm,3
notice,3
social,3
gal,3
solution,3
cover,3
soo,3
nutrition,3
sourced,3
soooooooo,3
festival,3
garden,3
coolest,3
fw,3
snap,3
fuss,3
fence,3
creating,3
counting,3
news,3
raisin,3
pulp,3
firm,3
generic,3
speedy,3
online,3
fire,3
pulpy,3
site,3
opt,3
randomly,3
crunchy,3
explained,3
sleek,3
cuisine,3
contain,3
sized,3
extraordinary,3
situated,3
newest,3
public,3
bargain,2
invest,2
attempted,2
bandwagon,2
ability,2
attached,2
accessible,2
improved,2
dunno,2
figuratively,2
barker,2
energetic,2
acquired,2
fighting,2
assured,2
fight,2
fiance,2
hungry,2
foam,2
improvement,2
atl,2
atop,2
dunk,2
acknowledge,2
hurry,2
fee,2
jaded,2
icey,2
award,2
accident,2
fond,2
aware,2
island,2
favourite,2
feedback,2
embedded,2
icky,2
iciness,2
awesomeness,2
icicle,2
awful,2
eats,2
accent,2
avoiding,2
avid,2
backup,2
backyard,2
ie,2
iffy,2
edible,2
effective,2
automatically,2
father,2
australia,2
dynamic,2
eleven,2
duty,2
embarrassed,2
fooled,2
edge,2
allergic,2
assuming,2
extreme,2
ample,2
instant,2
intimidating,2
amy,2
animal,2
flaky,2
insisted,2
excuse,2
insert,2
enhance,2
agree,2
hung,2
exudes,2
excess,2
answering,2
faced,2
anticipation,2
facility,2
exist,2
expresso,2
exploring,2
airstream,2
fist,2
almond,2
experiencing,2
alike,2
ale,2
ala,2
intersection,2
interest,2
fixed,2
alternate,2
amaretto,2
amazeballs,2
explore,2
intake,2
ambience,2
american,2
fl,2
afford,2
advice,2
inhaled,2
famous,2
arizona,2
entertain,2
addicting,2
introducing,2
aroma,2
allergy,2
artificially,2
introduction,2
addict,2
artist,2
indian,2
activity,2
indeed,2
indecisive,2
incredulous,2
enhanced,2
assumed,2
arent,2
approached,2
advertised,2
entertained,2
anybody,2
epic,2
flood,2
anywho,2
adirondack,2
apartment,2
entry,2
appalled,2
entitled,2
adequate,2
addressing,2
appeared,2
indulging,2
appease,2
filmed,2
film,2
enticing,2
annoyed,2
genuinely,2
dubbed,2
challenging,2
currently,2
chaos,2
guaranteed,2
curb,2
chaotic,2
guacamole,2
grumpy,2
charged,2
grove,2
function,2
chatting,2
cheat,2
crumbles,2
cross,2
greeting,2
chewing,2
chicago,2
crime,2
creativity,2
greatness,2
chilled,2
chilling,2
chilly,2
fully,2
customizing,2
bat,2
challenge,2
debating,2
cap,2
carnival,2
handy,2
casa,2
de,2
casual,2
cat,2
dash,2
dare,2
catered,2
handcrafted,2
catering,2
caused,2
halfway,2
caution,2
fry,2
da,2
gym,2
chalk,2
gumball,2
cutting,2
cutest,2
creates,2
creamsicle,2
choc,2
grandma,2
correct,2
companion,2
cornhole,2
garbage,2
complement,2
coolness,2
complete,2
cooled,2
convince,2
control,2
gee,2
giggle,2
conditioned,2
conditioning,2
continually,2
giddy,2
confuse,2
contemporary,2
considered,2
contains,2
consistently,2
consists,2
constant,2
correctly,2
common,2
goal,2
clementine,2
choco,2
chosen,2
creamed,2
circle,2
citrusy,2
classified,2
grade,2
cleanliness,2
crammed,2
crafted,2
craft,2
comforting,2
clich,2
crack,2
cluster,2
coworkers,2
cow,2
gooood,2
google,2
courtyard,2
column,2
courteous,2
december,2
decidedly,2
camera,2
frame,2
honor,2
blah,2
dreamsicle,2
honey,2
blame,2
blazing,2
hometown,2
dreaming,2
blended,2
blessing,2
founded,2
founder,2
blind,2
bliss,2
contact,2
blocked,2
fountain,2
downfall,2
holding,2
dose,2
fourth,2
hoard,2
booming,2
hood,2
bishop,2
bird,2
drooling,2
human,2
battling,2
foremost,2
bearable,2
beautifully,2
becomes,2
hr,2
forgive,2
behold,2
believer,2
belongs,2
bill,2
fork,2
benefit,2
beside,2
drool,2
drizzling,2
beverage,2
hopped,2
biased,2
fortune,2
dress,2
boot,2
bos,2
caloric,2
hired,2
heavier,2
device,2
deserving,2
deserve,2
burn,2
burning,2
busier,2
busiest,2
ca,2
department,2
delivery,2
hater,2
friendliest,2
fritz,2
hatch,2
delectable,2
hardly,2
harder,2
hardcore,2
defiantly,2
frown,2
decorated,2
decline,2
build,2
diabetic,2
dietary,2
discovering,2
frap,2
hipsterish,2
freakin,2
botanical,2
dodging,2
highest,2
bowl,2
disgusting,2
hi,2
brave,2
breath,2
buddy,2
brief,2
discourage,2
hence,2
broke,2
broken,2
bubbly,2
disappears,2
direction,2
held,2
buckhead,2
digress,2
zubar,2
jam,2
wash,2
upbeat,2
purple,2
untapped,2
quarter,2
quiet,2
university,2
race,2
uniqueness,2
raf,2
unhealthy,2
unhappy,2
rain,2
rainbow,2
rainy,2
raised,2
upcoming,2
puppy,2
pup,2
prominent,2
pride,2
prime,2
prior,2
privilege,2
proceeds,2
profit,2
promised,2
punched,2
valet,2
promptly,2
vacation,2
upstairs,2
provid,2
provides,2
unfortunate,2
ramen,2
ranting,2
regarding,2
tweens,2
tv,2
turnoff,2
tummy,2
refused,2
reg,2
trick,2
reese,2
reign,2
tree,2
treating,2
relative,2
relax,2
tray,2
refined,2
typing,2
understanding,2
unbearable,2
rarely,2
understandable,2
reaction,2
uncommon,2
rear,2
unbelievable,2
receiving,2
uber,2
recognize,2
recognized,2
recommending,2
ultimate,2
rectangle,2
uh,2
pricier,2
viewing,2
presentation,2
originated,2
obnoxious,2
ohhh,2
ons,2
opposite,2
oreo,2
originally,2
outfit,2
nutty,2
outgoing,2
outing,2
overpowered,2
overwhelmingly,2
pace,2
painted,2
nyc,2
nutmeg,2
palate,2
nibble,2
necessary,2
warms,2
nevertheless,2
newbie,2
newer,2
newly,2
nicey,2
nowadays,2
nit,2
nobody,2
nope,2
northern,2
nose,2
noteworthy,2
paired,2
paleteria,2
present,2
positive,2
pointing,2
pondering,2
popbar,2
portable,2
vulcan,2
posicles,2
posting,2
plano,2
volume,2
powered,2
preferably,2
premise,2
premium,2
presence,2
pleasing,2
planned,2
pant,2
perk,2
papaya,2
paper,2
par,2
peachy,2
peel,2
peppercorn,2
personable,2
pit,2
pete,2
philanthropic,2
phoenix,2
waffle,2
pile,2
pin,2
reliable,2
remained,2
reminiscent,2
significant,2
sick,2
stole,2
stink,2
signature,2
stiff,2
sticking,2
sticker,2
story,2
simplicity,2
sink,2
stellar,2
steelcitypops,2
steelcity,2
skyline,2
sibling,2
shred,2
jamaica,2
student,2
serious,2
setup,2
shady,2
sharp,2
shaved,2
stupidly,2
shift,2
strangely,2
structure,2
shocked,2
stretched,2
shoot,2
shopper,2
streetpops,2
slab,2
steady,2
sens,2
sorbet,2
soda,2
spotless,2
spoiled,2
splurging,2
soooooo,2
sooooooo,2
source,2
sprinkling,2
southside,2
soy,2
spine,2
sparkling,2
speaking,2
speck,2
spread,2
snow,2
slammed,2
smartest,2
slap,2
stawberry,2
sliced,2
stated,2
slowed,2
smart,2
staring,2
snapchat,2
standouts,2
stamped,2
smoothie,2
smoothy,2
snag,2
stained,2
sensitive,2
send,2
remotely,2
therefore,2
thrown,2
thousand,2
roasted,2
robust,2
rolled,2
rolling,2
roommate,2
thy,2
rootbeer,2
thereafter,2
theme,2
rotation,2
thee,2
roughly,2
rewarded,2
tight,2
royal,2
report,2
removing,2
trained,2
train,2
trailer,2
repeatedly,2
trail,2
track,2
response,2
tow,2
toss,2
toothpick,2
tomatillo,2
respectively,2
responded,2
thanksgiving,2
thanked,2
semi,2
summery,2
sweaty,2
swear,2
scored,2
swanky,2
survive,2
sunshine,2
summary,2
taco,2
suit,2
seasoning,2
seattle,2
sec,2
seedy,2
selecting,2
scare,2
scale,2
text,2
safer,2
ruined,2
rule,2
tester,2
teeny,2
sack,2
tear,2
sake,2
savor,2
salad,2
salsa,2
target,2
sampler,2
saved,2
saver,2
warning,2
turning,2
weirdly,2
lingering,2
law,2
latest,2
loaded,2
wondered,2
load,2
lo,2
linda,2
lately,2
laid,2
mayhaw,2
winning,2
yr,2
mainstream,2
wipe,2
mo,2
lacked,2
labeled,2
memorable,2
meltdown,2
weight,2
luscious,2
moderate,2
kool,2
lying,2
kindness,2
killer,2
melon,2
minor,2
lobby,2
male,2
whats,2
marketing,2
licked,2
yelping,2
mark,2
lifetime,2
lose,2
whereas,2
lengthy,2
wont,2
whopping,2
lolly,2
milkshake,2
logo,2
loveeeee,2
mastered,2
wooly,2
limeade,2
matcha,2
ziplock,2
wondering,2
yass,2
minimal,2
math,2
minimalist,2
leg,2
led,2
mellow,2
loooove,2
jerk,2
jane,2
mushroom,2
judgment,2
waxy,2
waste,2
yummiest,2
joy,2
literal,2
wasting,2
movie,2
myriad,2
nail,2
watkins,2
jesus,2
narrow,2
waterside,2
medium,2
join,2
yumminess,2
watering,2
worthy,2
juiciness,2
watered,2
meat,2
justice,2
kidding,2
kicker,2
washing,2
meeting,2
namely,2
nature,2
mold,2
named,2
yummm,2
liquid,2
madness,2
nailed,2
mommy,2
mon,2
wishing,2
yummier,2
wearing,2
succeeding,1
cavity,1
sweep,1
celebrating,1
cayman,1
cent,1
celebrate,1
cc,1
cease,1
cheating,1
yummers,1
swiftly,1
sweeten,1
yummies,1
cheek,1
tajin,1
cashing,1
tacqueria,1
yelper,1
tablespoon,1
subway,1
yep,1
catching,1
categorize,1
syrupy,1
syrupt,1
switching,1
swimming,1
checked,1
caterer,1
yikes,1
caters,1
swept,1
swelter,1
sweetie,1
swarm,1
surpass,1
swapped,1
yknow,1
summah,1
succulent,1
yous,1
character,1
cashew,1
suggests,1
youtube,1
che,1
sugared,1
sucking,1
charging,1
sugarbut,1
chattering,1
suckulent,1
charming,1
suddenly,1
yuck,1
chasing,1
chase,1
chanting,1
channel,1
successthere,1
successfully,1
suuuuper,1
certificate,1
suspender,1
ceviche,1
chaerry,1
youngster,1
surprising,1
chased,1
surgery,1
cheapest,1
surface,1
suprisingly,1
supreme,1
supposedly,1
chamoy,1
supporting,1
sunken,1
sundance,1
washed,1
capital,1
talent,1
wrecking,1
af,1
aesthetically,1
wrapping,1
theory,1
aeropostale,1
bust,1
bustling,1
wrecked,1
theater,1
thats,1
buttered,1
buttermiilk,1
thant,1
adressed,1
buttermilkfruity,1
buttery,1
button,1
butttt,1
buuuuut,1
wtf,1
thanking,1
thankful,1
advantage,1
advance,1
texted,1
buzzkill,1
burst,1
burrito,1
theyre,1
thicker,1
thur,1
thunderstorm,1
buckeroo,1
wowza,1
throwing,1
thrive,1
thrill,1
bug,1
threat,1
thoughtful,1
bulge,1
thou,1
affluent,1
thorough,1
thirteen,1
affectionately,1
thirsty,1
bumpy,1
thingy,1
affect,1
bunny,1
affair,1
bunz,1
thin,1
thickness,1
xoxo,1
yah,1
yelled,1
yea,1
suburban,1
capitalizing,1
cappuccino,1
capture,1
captured,1
tastier,1
taster,1
tasteless,1
cardboard,1
tarty,1
tartnest,1
carefully,1
carmike,1
caf,1
carnicer,1
tardy,1
carolina,1
caroline,1
tap,1
tantalize,1
carrying,1
tania,1
cartoon,1
tangerine,1
tall,1
yearn,1
tastiest,1
adjoining,1
cantelope,1
tastin,1
tetri,1
caffe,1
term,1
cakeballs,1
teppo,1
calculation,1
temp,1
teething,1
teeshirts,1
tee,1
adopted,1
technology,1
technically,1
adopt,1
camp,1
campfire,1
teaching,1
admitted,1
yasssss,1
admirer,1
candy,1
teacher,1
canned,1
taunting,1
tastylicious,1
cheer,1
chinatown,1
suburb,1
commit,1
absurd,1
starsservice,1
starsprice,1
starsi,1
starshibiscus,1
zipper,1
comforted,1
starsatmosphere,1
comfy,1
starlight,1
commanded,1
commend,1
stank,1
subtly,1
commonly,1
communal,1
commute,1
standby,1
aboard,1
zombie,1
zone,1
aaron,1
comparable,1
stair,1
stache,1
compelled,1
starsstaff,1
starsswung,1
combine,1
starsvanilla,1
coexist,1
coexists,1
accepted,1
acceptable,1
zillion,1
zing,1
cokecola,1
steadily,1
ste,1
staying,1
colecola,1
colleague,1
collect,1
acai,1
zip,1
stationary,1
colorado,1
colored,1
colorful,1
abut,1
coloring,1
columbia,1
ziploc,1
starter,1
comatose,1
competitor,1
stable,1
ssweet,1
splendid,1
connect,1
connected,1
connie,1
splashtown,1
splash,1
considerably,1
considerate,1
consideration,1
spite,1
spirit,1
consist,1
consisted,1
spin,1
spilt,1
consisting,1
spilling,1
consolation,1
spill,1
spiked,1
spied,1
spiciest,1
consumed,1
spiced,1
spell,1
contained,1
congratulation,1
splitting,1
complains,1
splurged,1
ssp,1
sriracha,1
squeeze,1
squeal,1
completed,1
spreading,1
complexity,1
compliant,1
complimentary,1
complimented,1
composition,1
compromised,1
concentrate,1
concentrated,1
spouse,1
concern,1
spotter,1
spoonful,1
spongebob,1
condiment,1
spoiler,1
coned,1
confection,1
confident,1
confirming,1
steamy,1
cocoberry,1
steeel,1
strives,1
chisme,1
string,1
acidity,1
chocalate,1
chock,1
strictly,1
acid,1
chocolatey,1
chocolaty,1
achieved,1
stretch,1
chomp,1
chooclate,1
stressful,1
achieve,1
streamlined,1
chore,1
chorus,1
strawberrry,1
stranger,1
christian,1
ach,1
chronological,1
chuck,1
straining,1
chipotle,1
stroller,1
church,1
bubble,1
cheesy,1
yummilicious,1
cherokee,1
substantive,1
substantially,1
substantial,1
substance,1
subpar,1
submerge,1
action,1
chick,1
chicken,1
chihiro,1
submenu,1
sua,1
su,1
stylish,1
chilies,1
acted,1
chilihead,1
yummmmmmm,1
yums,1
struck,1
chiming,1
chin,1
straberry,1
churchy,1
cocada,1
accompanied,1
climb,1
clock,1
clocking,1
yuppiefancypants,1
clooney,1
accommodate,1
yuuuuuumm,1
stevia,1
stepping,1
stepped,1
stephanie,1
closure,1
cloud,1
cloudy,1
cloying,1
zealand,1
clumped,1
clyde,1
cnc,1
steer,1
steele,1
accessory,1
zilker,1
cobbler,1
cobweb,1
stickler,1
stingy,1
churning,1
yuppie,1
cigarette,1
cimmanon,1
cinci,1
accustomed,1
cincy,1
stp,1
storm,1
stoping,1
stonework,1
citypops,1
stoner,1
class,1
accurate,1
accoutrement,1
stomach,1
yumthe,1
classify,1
classy,1
clay,1
stockyard,1
cleaner,1
stockshow,1
stocked,1
clearing,1
yup,1
wouldnt,1
tiptoe,1
bub,1
thwarted,1
awakened,1
us,1
awarded,1
whiny,1
upset,1
aways,1
awe,1
ups,1
awesomely,1
alta,1
whiskey,1
upping,1
awesomer,1
upped,1
awfully,1
upgrade,1
updating,1
awkwardly,1
awning,1
awoken,1
awww,1
aye,1
alrighty,1
az,1
whoa,1
azz,1
whoo,1
awaited,1
ut,1
utilized,1
autocorrected,1
atx,1
au,1
amazimg,1
veggie,1
vegetable,1
whatsoever,1
vastly,1
vast,1
vanished,1
authenticity,1
wheat,1
authority,1
vanish,1
utilizes,1
amaretta,1
av,1
amaaaaaaaaaaazing,1
valued,1
availability,1
validates,1
wherever,1
vacationer,1
whichever,1
whim,1
averaging,1
utterly,1
babysitting,1
alongside,1
unwrapped,1
unilever,1
unmistakable,1
unlisted,1
baseboard,1
alluring,1
bash,1
united,1
unisex,1
winnerthis,1
allowing,1
basilthis,1
basis,1
uniqe,1
bathing,1
wink,1
unicorn,1
batter,1
battle,1
baxters,1
bay,1
allllllll,1
bbbop,1
bbq,1
bbqs,1
alley,1
beam,1
unfamiliar,1
unnatural,1
unparalleled,1
backstreet,1
unsightly,1
unwelcoming,1
wick,1
unwanted,1
untraditional,1
widely,1
badass,1
badly,1
unsuspecting,1
bagel,1
bahama,1
unsolicited,1
wilderness,1
unruly,1
unpleasant,1
unrefined,1
unreasonably,1
unreasonable,1
unreachable,1
band,1
unquestioned,1
unprofessional,1
bap,1
unpretentious,1
barbecue,1
bard,1
unpopular,1
attribute,1
attraction,1
attitude,1
announced,1
webpage,1
walgreens,1
appreciative,1
wake,1
appropriate,1
approval,1
approve,1
approved,1
annoyance,1
approximately,1
april,1
ar,1
annndddd,1
annual,1
waitress,1
areg,1
waistline,1
argue,1
wagon,1
arlington,1
anniversary,1
arnie,1
wading,1
arnt,1
waco,1
wabi,1
weater,1
anonymous,1
arrive,1
wasted,1
warn,1
warmm,1
wannabe,1
apologizing,1
applause,1
apologized,1
wandered,1
wassail,1
wassailing,1
applied,1
applying,1
walnut,1
wat,1
weary,1
watcher,1
anyones,1
watermelonthe,1
anyhoo,1
anxious,1
anxiety,1
antidote,1
wax,1
wayyy,1
anther,1
wayyyother,1
wayyyy,1
waaay,1
waaaay,1
vehicle,1
viet,1
whale,1
asphalt,1
asshat,1
assigned,1
assist,1
assisted,1
whata,1
assisting,1
vine,1
assorted,1
vinaigrette,1
amazzingg,1
victory,1
virginity,1
viable,1
vey,1
vest,1
veryyyyyy,1
versus,1
verdict,1
ventilated,1
vent,1
venever,1
attendant,1
whatevers,1
vending,1
vintage,1
visionary,1
arrives,1
artifical,1
arrow,1
arroz,1
angry,1
angeles,1
andrea,1
anddddddd,1
amusing,1
arsenal,1
amt,1
weirdo,1
welllllll,1
article,1
amongst,1
vista,1
werecraving,1
vote,1
vor,1
wether,1
artisanal,1
voice,1
as,1
america,1
vlog,1
amen,1
ashamed,1
vital,1
unexpectedly,1
beast,1
uneven,1
boppers,1
woodlawn,1
booboo,1
woohoo,1
bookmarked,1
workplace,1
boost,1
aged,1
booth,1
booty,1
booze,1
boozy,1
bopper,1
border,1
bonnel,1
tragic,1
borig,1
traded,1
worrying,1
boringstrawberry,1
born,1
borrow,1
agave,1
bosslady,1
touring,1
bothered,1
boths,1
training,1
bonfire,1
worse,1
bobbing,1
bloodorange,1
bloody,1
trashcan,1
transportable,1
transport,1
transmogrified,1
translation,1
transit,1
transforming,1
transfer,1
boba,1
ahh,1
bode,1
bonding,1
bodied,1
transactional,1
boil,1
boiling,1
trajectory,1
boldly,1
bolted,1
traipsing,1
bombarded,1
bona,1
woo,1
bond,1
tour,1
topit,1
bloode,1
tightwad,1
breusters,1
apparent,1
bridal,1
bridge,1
tipped,1
tint,1
brighten,1
brightened,1
brightly,1
timing,1
brilliantly,1
timethe,1
tightly,1
breeeze,1
broiling,1
brokecollegestudent,1
tie,1
tidy,1
ticketed,1
ti,1
afloat,1
brrrilliant,1
brunch,1
brusquely,1
brutal,1
bryant,1
tj,1
breech,1
topic,1
tolerant,1
bound,1
afterward,1
toothbrush,1
toopineapple,1
toooo,1
boxed,1
tonite,1
tomorrow,1
boyyyy,1
bragging,1
wort,1
brainer,1
worthwhile,1
tl,1
branching,1
africa,1
tolerable,1
braum,1
braums,1
toe,1
brazil,1
todd,1
breadcrumb,1
tn,1
breakfast,1
tlc,1
bloodline,1
trashing,1
beaten,1
albertson,1
ben,1
aligned,1
unaware,1
unavailable,1
unassuming,1
unable,1
umpire,1
bestie,1
besties,1
ummm,1
alcohol,1
betcha,1
umm,1
unbelievably,1
umbrellaed,1
alamode,1
bevnerd,1
um,1
alamo,1
witness,1
uhhhh,1
bff,1
bias,1
ugh,1
bicycling,1
witnessed,1
wised,1
belly,1
typed,1
wiped,1
beating,1
undoubtedly,1
undoing,1
beauty,1
alleviate,1
undesirable,1
underwhelmed,1
understood,1
bed,1
bee,1
beef,1
understandably,1
beethoven,1
belltown,1
befitting,1
beforehand,1
wired,1
underneath,1
undercooked,1
behavior,1
allergen,1
uncooked,1
unconventional,1
unconditional,1
alittle,1
uncomfortable,1
woke,1
biggie,1
ahha,1
bless,1
blasting,1
tripped,1
aioli,1
blazingly,1
bleah,1
blech,1
bleh,1
blemish,1
aimlessly,1
tribute,1
blending,1
aim,1
triangle,1
blasphemy,1
aide,1
aid,1
treasure,1
blissful,1
blizzard,1
bloated,1
ahhhhhhhmazing,1
ahhh,1
treana,1
traveled,1
blog,1
blonde,1
blast,1
blankly,1
tyke,1
twas,1
biking,1
bikini,1
wonderfulness,1
bil,1
tying,1
billion,1
bin,1
bingo,1
bio,1
twisted,1
twenty,1
birthplace,1
airport,1
blanket,1
biter,1
containing,1
bitterness,1
bitty,1
blabbering,1
tt,1
truthfully,1
trued,1
tropic,1
wonderous,1
trivializing,1
blank,1
speed,1
crossing,1
spectrum,1
fascinated,1
fashioned,1
pushed,1
purposefully,1
fastforward,1
purpose,1
fateful,1
purist,1
pureed,1
purchasing,1
faveavocado,1
faved,1
pupsicle,1
favorable,1
puny,1
pump,1
feast,1
pulling,1
pulled,1
featuring,1
puddle,1
pt,1
psyched,1
psh,1
providing,1
feisty,1
proven,1
female,1
proved,1
fest,1
fashion,1
puzzled,1
contamination,1
fare,1
radio,1
radar,1
raced,1
factor,1
factory,1
faculty,1
fade,1
quotient,1
quote,1
quirky,1
quirkly,1
quinoa,1
falafal,1
quincentennial,1
falsely,1
fam,1
fame,1
familia,1
quicker,1
queue,1
questioning,1
questionable,1
quest,1
fanaticism,1
quenching,1
fandom,1
quencher,1
fantatic,1
quench,1
prove,1
proud,1
protected,1
fiancee,1
pricer,1
fla,1
flacor,1
flagrant,1
flair,1
prewrapped,1
previously,1
flamethrowering,1
flare,1
flash,1
flashback,1
prevalent,1
prettier,1
pretend,1
flavorer,1
flavorless,1
flavorsambiance,1
flavory,1
flavouring,1
flaw,1
fledge,1
fleeting,1
flesh,1
flier,1
flip,1
flirting,1
floated,1
flooded,1
flop,1
fixing,1
fixi,1
primary,1
filmy,1
fide,1
field,1
fifth,1
prospect,1
proprietor,1
proof,1
pronounced,1
pronounce,1
filing,1
prompt,1
promotion,1
promoting,1
promote,1
project,1
fitting,1
profitable,1
produced,1
procedure,1
finicky,1
problemoboth,1
probe,1
privacy,1
fired,1
printed,1
principle,1
primo,1
fisted,1
fistful,1
radius,1
rage,1
raging,1
ex,1
espa,1
esque,1
essay,1
essential,1
essentially,1
established,1
refund,1
estimated,1
refuge,1
ethe,1
ev,1
evaluate,1
refrigerator,1
refreshness,1
evenly,1
refreshment,1
eventho,1
eventhough,1
refreshingmango,1
refreshingly,1
everday,1
refresh,1
refrain,1
reflect,1
refereshingservice,1
ref,1
evident,1
evidently,1
evolved,1
esp,1
escape,1
esas,1
related,1
reluctant,1
enjoyer,1
reluctance,1
relieved,1
ensue,1
ensure,1
relevant,1
relaxing,1
relaxed,1
entertaining,1
entertainment,1
relation,1
enticed,1
reject,1
erupted,1
entirely,1
reinvented,1
rehydrate,1
entryway,1
envious,1
rehearsal,1
envy,1
regretted,1
epitome,1
equal,1
equivalent,1
erasing,1
errand,1
redneck,1
rectified,1
fab,1
rectangular,1
expense,1
raw,1
ratio,1
ratatouille,1
experiment,1
experimental,1
expertly,1
expired,1
rapidly,1
rapid,1
rap,1
explanatory,1
rant,1
explosion,1
ranking,1
express,1
expression,1
rang,1
extend,1
extended,1
exterior,1
external,1
rally,1
extract,1
raining,1
exude,1
eyed,1
eyeroll,1
eying,1
ray,1
reaching,1
react,1
receipt,1
exaggerated,1
exaggerating,1
exaggeration,1
exam,1
recreational,1
exceeds,1
excellence,1
recollection,1
exception,1
exceptionally,1
excessive,1
excessively,1
exchanged,1
excitement,1
expansive,1
reccomended,1
recall,1
excommunicado,1
rec,1
execute,1
rebel,1
exercise,1
exhausting,1
realllly,1
existed,1
realizing,1
readily,1
expanding,1
floral,1
florida,1
floss,1
loveeee,1
mania,1
manger,1
maneuvering,1
management,1
manageable,1
makin,1
major,1
majarete,1
maintaining,1
mainly,1
magnolia,1
magnificent,1
magically,1
magazine,1
madly,1
madi,1
maded,1
macdontalds,1
macarons,1
maaann,1
ly,1
lush,1
lured,1
lunar,1
lumpy,1
lucked,1
lrea,1
loyalist,1
loyal,1
manner,1
manning,1
manufacturing,1
max,1
medicates,1
medicate,1
medical,1
mecca,1
meaty,1
measure,1
meander,1
mcdonald,1
mcd,1
mc,1
mazing,1
maypaw,1
maximum,1
matthew,1
mapping,1
mattered,1
material,1
mater,1
mastermind,1
massively,1
massive,1
mask,1
mashing,1
mashed,1
marvellous,1
marking,1
marked,1
marcia,1
lovveee,1
lous,1
melded,1
lounge,1
limit,1
limeaid,1
likelihood,1
lightning,1
lightly,1
lighting,1
lightening,1
lifted,1
lien,1
lied,1
lickin,1
lickety,1
lickable,1
licious,1
license,1
leverage,1
lethargic,1
lent,1
lemonadey,1
lemme,1
legitimately,1
legitimate,1
legendary,1
legally,1
legacy,1
leche,1
leash,1
learn,1
leaning,1
limitation,1
limiting,1
limon,1
livingphamtastic,1
loudly,1
loud,1
lottery,1
loss,1
los,1
looped,1
looove,1
loooong,1
lookin,1
longest,1
lofty,1
locked,1
locator,1
lively,1
linen,1
littler,1
littering,1
littered,1
lithe,1
liter,1
lit,1
listing,1
listening,1
listened,1
lionel,1
link,1
lingers,1
linger,1
meet,1
meltage,1
flour,1
mubasa,1
nick,1
nicer,1
nibbled,1
newfound,1
neverthirst,1
network,1
nester,1
necessity,1
neatness,1
nearest,1
nc,1
nay,1
navigating,1
naughty,1
natrual,1
nap,1
nanny,1
nanner,1
nah,1
myy,1
mystifying,1
mydessert,1
mustache,1
mushed,1
mush,1
museum,1
munch,1
mum,1
multitude,1
personnel,1
perspective,1
perturbed,1
pinch,1
flowery,1
fly,1
flying,1
foil,1
plane,1
pk,1
pj,1
pizzeria,1
pizza,1
pistachos,1
piss,1
pingpong,1
pine,1
pinapple,1
peruse,1
pilate,1
picturesque,1
pickup,1
pickle,1
pickiest,1
physical,1
photogenic,1
phase,1
pffft,1
petty,1
pesky,1
perusing,1
perused,1
mudsmith,1
mrs,1
memorial,1
mouthi,1
minded,1
milwaukee,1
millennials,1
millennial,1
milkiness,1
mild,1
mighty,1
midwesterner,1
miami,1
mgr,1
mexico,1
metroplex,1
metro,1
meto,1
method,1
methinks,1
meter,1
messed,1
merlot,1
merged,1
mercy,1
merchandising,1
meow,1
menudon,1
mentone,1
mentioning,1
menchie,1
menagerie,1
men,1
minimalistic,1
minimize,1
minimum,1
modification,1
mouthful,1
mouthed,1
mostest,1
mortor,1
morehealthythanmyotheroptions,1
mopped,1
monthly,1
monkey,1
monarch,1
momma,1
moly,1
molasses,1
mojito,1
moderately,1
minuscule,1
model,1
mob,1
mmmmmm,1
mmmm,1
mmm,1
mm,1
mixture,1
mixing,1
mitzvah,1
mistreated,1
misjudged,1
miserable,1
miscommunication,1
rely,1
remain,1
remedy,1
shiver,1
dance,1
showing,1
dandy,1
showered,1
showcasing,1
dangling,1
shoving,1
dared,1
shove,1
shouldnt,1
darling,1
shoulder,1
darned,1
shortly,1
dat,1
shorter,1
shortcakestrawberry,1
dawned,1
shortbread,1
dayi,1
shortage,1
dazs,1
shooting,1
deaf,1
dealership,1
dealing,1
shockingly,1
death,1
debbie,1
shredded,1
dall,1
dalai,1
customerservice,1
sinful,1
curbside,1
cure,1
simon,1
silver,1
currie,1
significance,1
curse,1
cursed,1
cursing,1
curve,1
custard,1
sighting,1
sieve,1
shrubbery,1
customization,1
sidles,1
customizeable,1
sicles,1
sicle,1
sickenly,1
sickeningly,1
cutout,1
cycle,1
si,1
shut,1
shrug,1
daiquiri,1
debit,1
decatur,1
singing,1
deceiving,1
sends,1
demand,1
demanded,1
demeanor,1
demographic,1
demolished,1
denied,1
denton,1
denver,1
departing,1
segregation,1
seeker,1
security,1
describes,1
describing,1
securely,1
secretly,1
deserves,1
seated,1
seasoned,1
sealed,1
designer,1
designing,1
sealable,1
se,1
despised,1
sculpture,1
scrub,1
desserty,1
senence,1
sensational,1
sensitivity,1
shaped,1
shipped,1
shiny,1
decently,1
deceptive,1
shifted,1
shiesty,1
sheet,1
sheer,1
declined,1
decorate,1
sharing,1
decoration,1
decrease,1
deducted,1
sent,1
shake,1
sexist,1
definently,1
severely,1
definition,1
defintely,1
servant,1
dehydrated,1
deliberate,1
deliberation,1
delicate,1
series,1
sentence,1
sing,1
cultured,1
screw,1
snapchats,1
soldier,1
corporation,1
solace,1
software,1
corridor,1
cosby,1
softness,1
costco,1
costumer,1
coudnt,1
softer,1
coulda,1
soflo,1
socialize,1
countless,1
sober,1
sobbing,1
coupled,1
coupon,1
courage,1
snug,1
snuck,1
snowflake,1
couture,1
snob,1
snippy,1
covering,1
snipped,1
cowboy,1
somebody,1
somethings,1
sonofabitch,1
span,1
contemplate,1
contemplated,1
contemplating,1
specifically,1
contented,1
specially,1
speaker,1
continuously,1
contoured,1
contrast,1
controlled,1
convenience,1
sparingly,1
conventional,1
cor,1
spaceship,1
convert,1
cooked,1
cookhouse,1
soul,1
sorely,1
sorda,1
soooooooooo,1
sooooooooo,1
coordinated,1
cop,1
copped,1
copyright,1
snark,1
cowtown,1
culture,1
coz,1
sleep,1
slays,1
slapped,1
creepy,1
slant,1
criminal,1
cripes,1
crisis,1
critique,1
critiquing,1
crockett,1
crossed,1
crucial,1
cruising,1
skipping,1
crumble,1
crumbled,1
skipped,1
skill,1
crunching,1
skeptic,1
crush,1
sizable,1
cry,1
sits,1
sir,1
cucumbery,1
cue,1
cultural,1
sleet,1
slick,1
created,1
smattering,1
craaaaaazy,1
snagged,1
cracked,1
smoley,1
cramp,1
smoldering,1
smokey,1
smoke,1
crappy,1
smiley,1
craved,1
smidgen,1
cray,1
crazily,1
slip,1
craziness,1
smash,1
creaaaammmm,1
smack,1
creamesque,1
creami,1
slumped,1
slot,1
slobbery,1
slippage,1
creamyfruity,1
creamys,1
creamywatermelon,1
scrimp,1
detailed,1
engrossed,1
eatin,1
duper,1
reviewing,1
reverse,1
reusable,1
reunion,1
dw,1
dy,1
dye,1
retro,1
retrieve,1
ea,1
retract,1
eagerly,1
ear,1
earl,1
retailer,1
retail,1
restriction,1
restricted,1
earning,1
restored,1
earthy,1
eas,1
resting,1
easiest,1
responsible,1
east,1
eatable,1
respectful,1
revisit,1
dunked,1
revisited,1
drumstick,1
driven,1
driver,1
rivercenter,1
river,1
rival,1
ripen,1
ringing,1
rines,1
riddle,1
richest,1
rice,1
drudged,1
drug,1
rewrite,1
dumpster,1
dstrawberry,1
dtfw,1
dthe,1
dtx,1
dual,1
revolving,1
dud,1
reviving,1
revived,1
duh,1
dull,1
dumb,1
dumping,1
respect,1
resorted,1
rocking,1
residue,1
repertoire,1
rent,1
renovated,1
rendition,1
rename,1
embellish,1
emblazoned,1
emily,1
emotion,1
remy,1
emporium,1
emulate,1
encased,1
encircles,1
enclosed,1
encounter,1
removed,1
encouraged,1
encourages,1
remorse,1
endeavor,1
remnant,1
ending,1
enduring,1
reminder,1
energy,1
engineered,1
england,1
english,1
replacement,1
elevates,1
elementary,1
requested,1
ebb,1
residential,1
ecnetric,1
reservation,1
ed,1
eddy,1
resembles,1
resell,1
required,1
edited,1
edition,1
educated,1
require,1
effervescent,1
element,1
efficiency,1
represents,1
representative,1
egg,1
represent,1
reportedly,1
replied,1
elated,1
replacing,1
elderflowermake,1
elderly,1
electrify,1
electronic,1
rocked,1
rode,1
screen,1
disorganized,1
scarred,1
scarfed,1
dint,1
scarf,1
scant,1
direct,1
sbathroom,1
savored,1
disagree,1
disapointed,1
disappear,1
sauced,1
saturated,1
disappoints,1
disastrous,1
disbelief,1
discloser,1
satisfaction,1
discounted,1
satin,1
satiated,1
sardine,1
sandwich,1
discriminate,1
discus,1
discussing,1
sammy,1
disgustingly,1
samford,1
dinging,1
scattered,1
din,1
scorching,1
determined,1
determines,1
deterred,1
scrambled,1
devil,1
devotee,1
devour,1
scps,1
scpops,1
dew,1
dfferent,1
scout,1
diatribe,1
scorcher,1
scent,1
scooping,1
diego,1
scoff,1
science,1
diff,1
schoolers,1
schooler,1
differentiate,1
scholarship,1
difficulty,1
sceptical,1
digested,1
diggity,1
disorganization,1
saltiness,1
drinker,1
displeased,1
doubter,1
doubting,1
douse,1
downer,1
rowing,1
downright,1
routinely,1
downstairs,1
route,1
rounded,1
dr,1
dragged,1
drank,1
rough,1
drawback,1
drawing,1
drawn,1
rotational,1
rosy,1
dreamy,1
rope,1
dreged,1
drench,1
roomie,1
rooftop,1
dressed,1
dressing,1
dreyer,1
dried,1
royalty,1
rudely,1
dope,1
dock,1
disposable,1
disregard,1
dissapointed,1
dissuade,1
sally,1
distract,1
distracted,1
salivate,1
ditch,1
dive,1
diverse,1
divy,1
dnote,1
safely,1
doorway,1
sadness,1
doggy,1
dominant,1
dominated,1
dominican,1
donate,1
donated,1
rushing,1
runoff,1
donning,1
donot,1
runner,1
rundown,1
aargh,1
